,mean,std,min,max,median
nmse,0.08396959671231567,0.07618520866184088,0.006555216386914253,0.34112775325775146,0.054891884326934814
rmse,0.1525848926212944,0.08099764155746453,0.04631688818335533,0.41193002462387085,0.1263926774263382
ssim,0.8552663169923376,0.10201658448486865,0.5952399373054504,0.9792473316192627,0.8978421092033386
psnr,33.02225544413582,4.386283835947566,23.266555786132812,42.248233795166016,33.528587341308594
mae,0.10768827771554228,0.06537425346522119,0.024556219577789307,0.3294476270675659,0.08417102694511414
relative_error,0.46298614144325256,0.12028301507234573,0.24101722240447998,0.7231055498123169,0.471242755651474
brightest_point_distance,20.743640289932,48.65380956370115,0.0,226.62965393066406,2.2360680103302
sharpness_ratio,0.8309967948850766,0.14552254779734083,0.5228730824617975,1.326054100762703,0.8371055046379492
