{
  "total_steps": 1150,
  "start_step": 35000.0,
  "end_step": 149900.0,
  "training_duration": 5.860555555555556,
  "train/total_loss_mean": -984.3478095043479,
  "train/total_loss_std": 1126.201566657296,
  "train/total_loss_min": -2537.47412,
  "train/total_loss_max": 2927.1084,
  "train/total_loss_final": -433.2644,
  "train/kl_loss_mean": 163377.7799455826,
  "train/kl_loss_std": 8175.584109944926,
  "train/kl_loss_min": 139291.5,
  "train/kl_loss_max": 181975.46875,
  "train/kl_loss_final": 161259.90625,
  "train/nll_loss_mean": 966.9565090956522,
  "train/nll_loss_std": 441.2852900323062,
  "train/nll_loss_min": 274.72595,
  "train/nll_loss_max": 2926.95898,
  "train/nll_loss_final": 582.22302,
  "train/rec_loss_mean": 0.014754504347826089,
  "train/rec_loss_std": 0.00673342975748145,
  "train/rec_loss_min": 0.00419,
  "train/rec_loss_max": 0.04466,
  "train/rec_loss_final": 0.00888,
  "lr_final": 0.0,
  "lr_mean": 0.0,
  "d_weight_final": 1777.54565,
  "d_weight_mean": 4977.876555591304
}